foul,31
four,8
prices,2
sbnation,1
conjure,1
lft1lni,1
lord,4
digit,1
deli,1
fastbreak,1
presser,1
nspent,1
stabbed,1
screaming,3
prize,1
wednesday,4
commented,1
tired,5
miller,4
second,29
274,1
shrugging,1
inanimate,1
ckpb0muwsaegryt,4
errors,1
thunder,57
contributed,1
locos,1
contributes,1
specialist,2
hero,15
possesions,2
whose,3
reported,2
herp,1
kids,7
k,4
controversy,1
i'd,19
kidd,1
i'm,112
criticism,2
golden,31
nwhen,2
replace,2
brought,4
unit,2
opponents,4
cheating,1
spoke,1
music,1
until,30
expiring,1
holy,20
relax,1
successful,4
brings,4
yahoo,1
hurt,12
99,3
glass,1
90,6
hole,5
hold,2
95,1
addon,1
locked,2
kerr's,5
blade,1
locker,6
sweeter,1
masterminds,1
k900,1
example,6
triple,12
want,59
absolute,10
hog,1
hoe,1
complaining,4
travel,1
damage,3
machine,2
hot,18
winslow,2
stephs,1
wrong,13
chump,1
unselfish,2
turnovers,12
effective,7
wins,34
keeps,4
wing,2
dreamed,1
bling,1
fit,4
rankings,1
fix,1
matured,1
fmvp,8
nbench,1
easier,6
thrones,2
duvet,1
similar,3
jinxing,1
silver,3
timeout,2
woes,1
series,204
allan,1
tumblr_nqpvszbp7i1u5go9do1_500,1
we'd,4
message,2
overwrite,2
smirk,1
whoosh,4
cower,1
re,5
encourage,1
adapt,1
smh,8
rn,3
rj,3
gameplan,5
threatened,3
managerial,1
trailblazing,1
ian,5
wildtotalcaterpillar,1
10152014,1
checked,7
gameplay,1
ate,1
jot,1
p6o4,1
atm,1
heading,1
today's,4
reserving,1
ngame,1
179,1
wasn,5
clarity,1
basketball,57
similarly,1
needed,21
master,2
warmheartedthinkitty,1
gilbert,9
euro,2
bitter,4
listen,2
rewards,1
collapse,2
predictably,1
whores,1
showed,17
coward,2
iteration,1
project,3
aftereffects,1
oi61,1
entail,1
boston,2
x9cchef,1
person,9
causing,1
absorbed,1
grips,1
committing,1
huh,5
doin,1
mouth,5
draygod,1
letter,3
amps,1
recant,1
camp,2
tech,7
detriment,1
scream,1
came,30
saying,39
bomb,1
nbased,1
meetings,1
fingers,1
padded,2
gauge,1
early_predictions_for_warriorscavaliers,1
dicked,1
lessons,1
touches,3
toucher,2
ayyyy,1
cousins,1
theme,4
touched,1
rich,2
rice,1
terrors,1
pocket,1
spirit,1
kinja,1
net,8
lmao,24
patch,1
release,2
respond,2
blew,10
mandatory,1
disaster,2
fair,19
result,8
fail,3
best,95
statline,4
wikipedia,1
injuries,7
irk,1
nonly,1
letting,15
men,1
parallels,1
rolled,1
wtf,9
wth,2
debt,1
roller,1
ballstopping,1
accident,1
sacrificing,1
country,1
pits,1
conclusions,1
demanded,1
planned,1
logic,5
argue,6
adapted,1
asked,4
waaay,1
2nd,12
active,1
blonde,1
smackdown,1
chucker,1
101,1
chrome,2
bothers,1
much,115
17043702,1
stadium,1
superhuman,1
life,17
retrospect,1
eastern,15
irving,34
wish,7
snap,2
pandering,1
0ahukewjqhrpgszlnahupygmkhd0,1
child,4
worked,11
haters,12
spin,1
chill,2
droppin,2
osovf4v,1
harvesting,1
flooding,1
surprises,2
played,84
to's,1
player,93
3ast,1
pi4rqrq,1
adversaries,1
things,33
toaster,1
split,2
babies,1
fairly,2
tops,1
seamen,1
haggard,1
webstore,1
opinions,1
sleeps,1
portrayed,1
previous,7
hah,3
alum,1
replayed,1
ham,1
shump,2
had,188
iluzz1ylqoi,1
hay,1
disparity,1
easy,21
east,44
hat,1
possible,14
possibly,7
wiht,1
birth,1
shadow,1
poses,1
tickytack,1
steph,115
remind,4
steps,4
right,98
old,27
ole,1
crowd,15
people,130
crown,5
jpvpur5,1
qzvmdau,1
bballforeverfb,1
bottom,3
lockdown,1
contributing,2
flopping,5
scarier,1
foo,1
foh,1
brigaded,1
g_1,1
defensive,28
losing,32
memorable,2
officiating,8
benches,1
dollars,2
bynum,2
o,5
benched,1
shitter,2
slightly,4
match,22
rotations,6
soo,1
son,7
respectable,1
beings,2
google,3
shoots,2
soon,11
nconclusion,1
support,1
constantly,5
hkdaxbo,1
kyrie's,7
grasping,1
jank,1
greatness,2
avocados,1
happy,11
manufacturers,1
drummond,1
talents,4
understandable,1
bounce,2
robertson,1
handily,4
inside,7
officiated,2
smashes,1
unanimous,1
reddit's,1
'7,1
later,6
proved,1
tournament,1
proven,1
exist,3
accounting,1
supporters,2
eventual,1
floor,27
imparting,1
flood,1
role,10
trophies,2
becuase,1
weakass,1
roll,3
't,87
's,111
'd,11
invested,1
'm,21
explosions,1
vaaixjxa,1
push,7
overturned,1
whoever,1
qmr5hem,1
chair,1
92,1
baller,1
reverting,1
ved,1
96,2
ledlow,1
jerk,1
choice,2
klayvingston,1
ghostbusters,1
stays,3
exact,9
minute,16
tear,2
leave,12
settle,2
team,342
nbrb,1
unaware,1
prevent,2
bulldozer,1
accomplishment,1
sigh,1
prediction,2
sign,7
shirts,10
current,1
lazily,1
falling,1
boost,1
drafted,1
dictates,1
ramming,1
soundbite,1
understanding,1
address,1
alone,5
along,9
upatu,1
redemption,2
wherever,2
ourself,1
myers,1
spurts,1
ipa,2
love,217
prefer,3
bloody,1
overarching,1
fake,6
red,3
working,4
positive,6
angry,10
opposed,2
wondering,4
loving,2
marbles,1
afford,3
apparent,1
maxresdefault,1
everywhere,2
easiest,2
behalf,1
logos,1
anything,30
pretend,3
believes,2
kendrick,1
following,3
hardens,1
awesome,6
locks,1
allowed,7
offense,54
stole,7
optimal,1
laundry,2
explorer,1
blasting,1
spot,6
7ast,1
w_800,1
snape,1
matt,1
such,14
suck,12
dove,1
natural,2
thunders,2
sh,1
definitions,1
wolves,6
ocassionally,1
pulled,5
sf,3
se,1
nwhat,4
unacceptable,1
years,46
course,9
kanye,1
tendency,1
tore,1
nfinal,1
solace,1
troubles,1
attraction,1
gatorade,1
suspension,1
decades,1
parades,1
duckduckgo,1
matches,1
smarter,2
records,5
maintaining,1
matched,3
didn,7
quarter,32
turtle,1
stalling,1
retrieve,1
crushing,1
157nwj,1
monstars,2
entering,1
troll,3
rioters,1
contained,1
internet,10
formula,2
dodgers,1
fecaec661c4f7139e921fa343932c0b1,1
d3r9hbt,1
million,5
possibility,1
quite,4
complicated,2
crazier,1
besides,8
training,2
cavs_irl,1
dunno,1
punk,1
benching,1
livingston,76
massive,6
n12,1
intuition,1
scorers,2
reveals,1
potter,1
submit,1
vote,4
chubby,5
open,33
city,5
2885,2
2,125
stifled,1
cite,1
williams,1
proving,1
padding,19
ridiculous,6
favors,1
savant,1
nkenny,1
future,9
cavalier,1
damned,1
san,6
turned,4
argument,11
alley,2
sad,15
woah,1
say,58
sax,1
buried,2
sas,1
allen,6
saw,24
sat,2
nhahahahahahahahahahahahahaha,1
nbarbosa,1
inches,2
warriors,286
zoo,1
note,2
omfg,2
jefferson,15
take,82
destroy,3
butterfly,1
ironically,1
altered,2
opposite,6
shitposts,1
knew,27
knee,5
microwaved,1
pages,1
lawn,2
montage,1
average,19
drive,19
fuckdelly,1
managing,2
av4j6vl,1
'gave,1
salt,9
walking,3
guldo,1
merit,1
bright,1
inconsistent,4
aggressive,2
imagined,2
money23green,1
slow,5
tears,3
going,129
hockey,2
guarded,2
assistant,3
outlet,2
gerbils,1
theonion,1
nlet's,1
borrow,1
worried,7
overreaction,2
could've,4
sdot,1
where,68
vision,4
basicall,1
espn,18
anyways,6
nsource,1
espv,1
defensively,8
jumped,1
bootleg,1
bureau,1
affecting,1
jumper,12
jobs,2
uk,1
vertical,1
aberration,2
spartan,1
stabalizing,1
spare,1
menacing,1
spark,1
many,44
flipped,1
mang,1
vvvjens,1
can't,85
pastimes,1
stream,3
hurts,4
warriors',2
article,3
boat,1
caring,2
combines,1
dissappear,1
stretch,11
west,30
concede,1
breath,3
raging,1
combined,8
unrecorded,1
hilarity,1
wants,18
lanes,1
formed,1
photos,1
drayshaun,1
former,1
batman's,1
squeezed,1
situation,16
spotlight,3
ive,1
unlikeable,1
purse,1
bros,16
bron,20
shuts,1
nhell,2
rooting,4
humphries,1
breakdown,1
edged,1
a9017163e8be2bc091e300e044de3c4f,1
wpm,1
barber,2
whiteside,4
summer,1
morons,1
c85,1
recycles,1
being,73
ncombine,1
h525,1
cbhafxv,1
greasemonkey,3
recoombe,1
color,1
aspects,1
around,49
sums,2
dark,5
world,23
livingston's,1
dare,1
'oh,1
60,6
stranger,1
regigigas,1
replays,3
tk5jdkm,1
diving,1
thinks,9
q_80,1
wiggins,4
memories,1
911,1
refer,1
biased,1
scientific,1
power,2
poise,1
waddup,1
throwback,1
stone,1
package,2
wikia,1
favorite,9
meal,1
act,6
luck,7
6g2fqzr,1
burning,2
image,2
20111006213755,1
parties,1
wade,32
technically,3
jerks,1
legacy,8
how's,1
her,11
hes,12
ncould,1
hey,10
aggregated,2
tacobell,2
sealed,1
brazilian,1
heh,1
fouseytube,1
hookers,1
complete,8
mics,1
cloudfront,2
saric,1
survived,2
clones,1
abused,4
they're,44
october,1
spilled,1
bambi's,1
dawg,1
dirty,6
russ,4
agree,21
gone,14
fright,1
af,6
ai,2
certain,9
frye,26
stealing,4
watches,3
watcher,1
gomobnk,1
walks,4
watched,15
appalling,1
cream,1
ideally,2
drafts,1
novice,1
tight,1
hella,2
cp3,5
disgraceful,1
shaun,29
4lta59,1
failures,1
klay's,2
sobbing,1
mask,1
having,41
adam,3
sy4d42o,1
original,5
cheetos,1
consider,3
739650296373084161,1
caused,1
instincts,1
nlebron's,2
imgflip,2
final's,2
causes,2
improperly,1
hunting,2
ty,6
tv,8
tt,14
ts,2
dribble,9
riots,1
tl,2
tm,1
th,1
smile,1
te,2
norm,1
case,10
appointment,2
returned,1
illustrated,1
sans,1
pbs,15
laying,1
joined,4
large,9
sane,1
harry,1
small,7
pbj,1
quicker,2
nprobably,1
penalties,1
klayble,1
past,8
pass,18
richard,8
clock,10
favor,2
youuu,1
fucks,1
'sad,1
nurse,2
method,1
full,11
hours,7
november,1
orangutan_square,1
experience,5
pics,1
social,3
would've,19
skepticism,1
underrate,1
followed,1
vip,1
crowned,1
pulls,1
select,1
wavering,1
6,46
roommate's,1
door,2
livingstone,1
spoils,1
tested,1
livingstons,1
kenyon,1
keeping,7
learn,2
knocked,1
lavine,1
beautiful,5
stated,1
cosmic,1
neglected,1
accept,1
states,5
unbiased,1
salty,11
nevery,1
sense,16
station,1
huge,15
gannett,1
prodigal,1
creature,1
plant,1
intended,1
plane,2
waves,1
snotty,1
github,1
resemble,1
roberson,4
rosebud,1
deafening,1
greats,1
reminded,1
trade,11
attitude,4
scott,1
signs,1
itt,1
roots,1
ruining,2
travelling,1
muthaf,1
grabberraster_0009,1
skipped,2
help',1
sucker,1
idols,1
sucked,6
okafor,1
everytime,2
always,54
truths,1
uploads,9
w's,3
gco4,1
found,5
shocking,3
chipping,1
status,12
shock,1
begged,1
nshaun,1
egomaniac,1
playmaking,2
really,156
fts,6
missed,25
ftw,1
mattered,2
fta,2
misses,4
signings,1
leagueoflegends,1
darling,1
belief,2
risen,1
nlose,1
imagine,17
definition,1
nthank,1
rack,1
w,10
testament,1
major,3
guac,1
forwards,1
girls,1
contender,1
number,13
nhaha,1
kobe,30
guess,29
heads,3
swipe,1
relationship,2
immediate,1
mmmm,2
focusing,2
unrealistic,1
grace,1
9x8gugxqrnypxw0z5yeay,1
legs,1
critically,1
disrespected,2
aau,1
dismantling,1
marriage,1
remembers,3
stephface2,1
fights,3
guarding,3
h1oig8b,1
blond,1
nxmbqb4,2
stealataco,2
sell,1
bogut's,1
nlue,4
play,144
darth,3
nrjeff,1
brooklyn,1
plan,5
accepting,1
funnier,1
understands,3
instahoes,1
sometimes,4
cover,2
3s,24
anthem,1
bulletin,1
ugh,1
privelege,1
gold,9
cruises,2
defended,2
vader,2
freight,1
defender,12
impact,6
mambas,1
ol'days,1
sayin,1
writer,1
failed,2
factor,4
ultron,2
giants,3
uncontested,1
dependent,1
banned,1
they'd,10
closely,2
reporters,2
damnit,1
cry,9
kill',2
proclaim,1
rfa,1
river,1
insane,15
outrebounded,1
set,11
creator,1
tree,1
potent,1
touch,3
sec,1
overboard,1
slam,1
knees,2
13f8dd74e81274521394679558144_4a347bd603a,1
movie,2
currently,3
ovnauvtna6q,1
pickup,1
riors,4
nope,4
compliment,1
knowing,3
tristan,8
kayfabe,1
jawing,2
feeling,11
improved,2
barely,7
staredown,1
connection,1
improves,1
whole,34
load,2
underperforming,1
bell,6
acted,2
smashing,2
town',1
coincidence,1
dimensional,1
worthless,1
hphotos,1
acceptance,1
hitting,10
xab,2
mindset,2
resting,2
champion,3
fire,18
what's,8
xa9,1
handling,1
xa0,1
xa1,2
straight,30
xa6,1
forgetting,3
error,1
owed,1
hoping,7
averaging,3
belmont,1
owes,1
funny,18
raiders,3
choking,5
barnes,13
unlucked,1
rules,2
money's,1
mayyyyybe,1
alert,1
viewing,1
levels,2
recent,1
expend,1
grammarist,1
picks,3
regretting,1
rosters,1
'crack',1
contradicting,1
readers,1
reap,2
admission,1
crying,8
courtney,1
surprised,12
chess,1
shitposting,1
couple,10
manningface,1
shitty,7
suffering,1
4moplu,1
projects,1
manhandling,1
d,24
continue,4
yields,2
goddamn,10
fivethirtyeight,2
sighs,1
sight,1
curious,1
pale,1
nisn't,1
oblivion,1
dating,1
temple,1
shooters,9
bg,1
bo,1
agreement,1
bp,2
nowhere,5
bs,3
vitaly,2
aswell,1
deserved,2
fouls,25
whiteboard,1
deserves,7
cockblock,1
colorado,1
garbage,14
prideful,1
hometown,2
into,72
redditpirateroberts,1
doubters,2
lebron,521
apologists,1
blaaattttt,1
span,1
spending,1
sneaks,1
specifically,4
custom,1
occupy,1
suit,1
rhetorical,1
blueprint,2
elsewhere,2
iyhrdwlzpqi,1
slump,1
link,4
line,34
nfollow,1
posted,9
fades,1
jebron,1
sleepers,1
concussed,1
uh,1
mature,1
ua,1
showtime,2
11reb,1
influence,2
haunt,1
nautical,1
doe,2
tuft,1
nokc,2
scrape,1
preventing,1
definitely,23
revision,1
scapegoat,2
scrub,3
dweeb,1
robots,1
battier,3
wiggns,1
nblatt,1
sides,12
ago,14
lane,5
land,18
fighter,1
electromagnet,1
btglzhy,1
age,2
barkley,2
holes,1
foyle,1
walked,4
carrying,4
oracle,23
fresh,3
hello,1
msecnd,1
code,2
laziness,1
741443546247516160,1
results,1
enjoyable,1
gladly,1
shrugged,1
seemed,20
straws,1
ahahahaa,1
impeding,1
concerned,4
young,8
send,2
dislike,3
sent,4
ngetting,1
continues,1
lsq0mlp,1
ending,2
continued,1
wipe,1
magic,4
they've,4
fewer,4
try,21
race,2
ssqsd,1
challenge,4
wpmudev,1
imply,2
video,7
odd,2
graduating,1
index,1
sweaty,1
consistently,3
turnaround,5
flowing,2
led,7
lee,1
leg,7
punch,6
leo,1
let,46
consideration,1
hm04,1
hm07,1
great,81
technical,3
involved,3
survey,1
defeat,2
opinion,12
unpacking,1
makes,49
maker,1
thats,11
firefox,2
cuckold,1
333,1
outcomes,1
weaker,1
standing,2
confidence,3
sane333,1
whipping,1
next,40
doubt,12
doubling,1
pfs,1
opposing,3
baby,5
ok,9
balls,10
athlete,2
mti2ndi0ntkwmdk1ndixmzy1nw,1
thin,2
vmllfca,1
xca,2
xcd,4
process,2
lock,1
trumped,1
purposes,1
pieces,1
high,15
bend,1
slip,6
nliterally,2
aaaaaaaacni,1
delay,3
swishes,1
animal,1
lue's,5
comedy,1
intelligent,1
blocks,4
uhhhhhhh,1
tied,2
xc2,4
xc3,2
rondosfinger,1
xc9,8
nps,1
efficiently,1
realized,5
posterized,1
lame,1
dimpledhatefulfishingcat,1
allow,6
classy,1
ledlow's,1
5e41,1
lerbon,1
counted,1
houston,1
flopper,5
cushion,1
mute,2
move,22
directv,1
flopped,2
perfect,16
iguodala's,2
nhater,1
chosen,4
2015,7
2014,10
tyronn,9
2016,19
2011,10
2010,4
2013,8
2012,2
knick,1
ship,2
legendary,3
rotation,4
cage,1
realize,12
sneezed,1
truth,3
glasses,2
shower,1
doing,40
writeup,1
sportsman,1
meta,1
witness,3
',4
rigging,1
microscope,1
wbtlmtn,1
hilarious,10
burke,1
shut,12
critiquing,1
tempo,1
surely,1
bothered,2
scary,1
regressed,1
ez7ruscuhzk,1
could,93
put,33
david,11
length,7
stoppage,1
blown,10
scene,1
feasts,1
nbosh,1
muhammad,1
nlivingston,1
blows,3
prank,1
fascinating,1
fuckers,2
system,4
backdoor,2
npr,1
interests,1
fouling,5
stars,8
elite,9
gotchu,1
transdimensional,1
bother,1
roberto,1
reacted,1
appealing,1
decided,5
rollercoaster,1
twos,2
steer,1
counter,2
false,1
spelled,1
fanbase,1
tonight,85
defending,5
amirite,3
outplay,2
viewed,1
uncalled,1
toughest,1
doug,1
courtesy,1
device,1
broussard,2
lil',1
louieg023,1
04,1
cko,1
varejo,1
stronger,4
face,35
politic365,1
lots,2
you'll,2
fiasco,1
maddeningly,1
08,2
fact,19
atmosphere,3
hoodies,1
rings,12
assholes,1
bring,18
90's,1
rough,4
brink,2
decade,6
podcast,1
hops,1
jaw,1
jar,4
should,55
score,21
tape,1
riding,2
hope,30
meant,8
insight,1
handle,6
means,10
familiar,1
lucky,7
180,1
shaping,1
smash,1
h,1
taxes,2
stuff,5
hosed,1
dallas,2
ohio,4
favoring,1
superstars,5
guessing,1
btw,2
lazy,2
ncavs,9
wire,1
underarmour,1
arghhhhhh,1
xndykks,1
ends,4
explosive,3
notion,1
configuration,1
figured,2
dumbledore,2
deficits,1
etc,12
figures,4
duncan's,1
njames,1
739640537855066112,1
speights,6
co,8
cb,1
ca,1
nthose,1
downgrade,1
oakland,8
admin,1
fv5145u,1
powered,1
poured,1
utilizing,1
waste,1
dirksmile,1
describe,2
roasting,1
atlanta,2
ravens,1
2017,2
coals,1
rbs,1
hahaha,5
rigged,1
'there,1
ultra,1
chte7ymucaacd3k,1
sith,1
uggh,1
stuffing,1
vc,1
concerted,1
vi,3
insanely,1
surprisingly,1
vo,1
vs,37
sits,3
tattoo,9
matthew,1
glaring,1
ball,101
emotionally,2
dusk,1
dru_star,1
drink,2
upon,1
infinite,1
off,111
nseriously,4
drawing,1
xef,1
npeople,3
flesh,1
moments,1
rooms,1
predicts,1
paul,4
downvoted,4
generous,1
entire,34
combine,9
wet,2
checking,2
whispers,1
xe0,6
xe2,43
passable,3
onion,1
nwhats,1
become,9
lamest,2
sprain,1
replacement,2
indications,1
murk,1
foreseeable,1
comon,1
recognition,1
contested,10
disbelief,2
literally,34
avoid,1
does,57
passion,5
yctbotn,1
blowing,2
schedule,1
nquick,1
yeap,1
pressure,7
s6ersb4,1
hiding,2
sister,1
seeds,3
whistles,2
alliance,1
suited,1
windhorst,5
2k15,2
spots,1
startled,2
frustration,1
chucked,1
yrs,1
naturally,1
fasho,1
delivery,1
count,8
compute,1
places,1
shrunk,2
official,1
smooth,1
rtvkwdeoldc,1
excitement,1
placed,2
problem,17
recognize,2
slowing,2
iverson,2
unscathed,1
13reb,1
compared,11
nonetheless,1
deadly,1
lately,2
details,1
bbref,1
francisco,3
monday,3
class,3
outlets,1
baffling,1
chance,30
hotheaded,1
badass,1
ibaka,4
ghost,1
borderline,1
lasted,1
rule,4
1366,1
lift,1
compete,3
rep,1
extrapolated,1
suicidal,1
controversial,2
saved,6
votes,2
waynel_jr,1
messi,2
voted,4
whack,2
succumbing,1
sly,1
tickets,7
we'll,4
blowouts,1
nthats,1
upload,1
ni've,1
announced,1
nfor,2
blasphemy,1
chef,1
follow,2
established,1
pts,7
ak0,1
bipolar,1
above,7
officially,1
told,13
crunch,3
hahahahahahahahahahahahahahahahahahahahaha,1
sinks,1
sbm390w,1
equals,1
pluto,1
balance,5
daughter,1
rekt,7
employees,1
fool's,1
stressed,2
highly,2
bro,8
hindsight,5
total,4
plot,2
indians,3
negative,2
blueberry,1
reevaluate,1
haha,8
award,3
aware,1
championships,3
adamant,2
blocking,2
must've,1
tnt,2
kevi,1
word,5
1997,1
1996,1
work,38
eclipse,1
worn,1
theories,1
era,2
elbow,8
looooong,1
hezzies,4
ni'm,4
provide,1
nlelbron,1
nuts,16
rookie,6
moron,1
resignation,1
fsdigital,1
after,94
lay,6
law,2
lap,1
md7o3ie,1
appreciate,5
score'',1
greek,2
nba's,2
green,58
fan,60
nstill,2
order,4
triggering,1
dirtiest,1
defenders,13
satisfied,2
awful,10
nsfw,1
nets,4
varejao's,1
somewhere,11
highlights,1
encapsulated,1
denver,4
production,2
versus,1
then,97
them,136
affected,1
bans,1
safe,9
break,7
bang,2
clogging,2
jesus,7
bread,4
nbums,1
l,7
reasonable,3
flyers,1
373,1
e1278473182639,1
377,1
lifted,2
schemes,1
pepes,2
logo,2
smith's,1
nbetter,2
strangers,1
trafic,1
larriors,3
nty,1
457e3325b60a55fc3554ffed6f81eeb52a008135,1
standard,2
admits,1
unconvinced,1
vets,1
ntl,2
nto,1
people's,3
thirties,1
mvp,36
dammit,1
741477278228590592,1
recovering,1
creates,2
flawless,1
footsteps,1
chopped,1
i'll,16
champs,1
perkins,1
jealous,2
another,34
comic,1
instagram,4
rated,1
2f2014,1
hater's,1
observations,1
john,2
dogs,1
jpm_tu,1
cereal,2
nahh,1
wasted,1
fuckboys,1
toronto,7
mercy,5
target,1
seated,4
iron,1
9ast,1
huxfftl,1
tackled,1
hacking,1
wooosh,1
solely,6
minus,1
forced,9
quieter,2
strength,4
convenient,1
latter,1
quieted,1
luxury,4
bernietrump420,1
shys,1
scripts,1
phase,1
brien,1
dumbshit,1
smoked,2
ckoi84luoaenelr,1
calculated,1
demoralized,2
left,23
responded,1
renting,1
subtle,1
enjoyed,4
toast,2
painfully,3
panned,1
guidance,1
deepest,1
goalie,1
personality,1
di,1
da,2
cosmikdebris12,1
dw,2
nasty,2
du,1
dr,4
runs,7
thescore,1
gfycat,9
shouldnt,1
steal,8
observer,1
ovtecqy,2
depends,2
discussions,1
frontline,2
2's,2
obeah,1
away,50
unable,2
props,8
drawn,2
jumpers,7
misguided,2
terms,2
the_marcorubio,1
ww,2
ws,5
wp,10
received,2
essentially,2
ill,3
ncaa,1
com,232
con,1
tough,11
tons,3
tony,1
oblivious,1
speak,2
aaa22,1
petty,3
noel,2
flexible,1
families,1
attacked,1
concerning,1
armours,1
fest,1
hoist,1
currys,1
de2rv5eijva,1
save,7
publicly,1
air,3
ain,5
applies,1
thrash,1
voice,5
mistake,2
stink,2
sting,1
stint,2
confirmed,7
trashing,1
jerry,1
clearly,22
ripbron,1
perimeter,2
nin,5
blames,1
hang,2
evil,1
hand,19
nis,3
blamed,2
nit,3
mil,2
kept,14
thy,1
thx,1
humble,1
midorima,1
tho,11
client,1
camps,1
athletic,5
gods,3
1384593913951392427,1
thanks,18
victim,1
adding,2
josh,1
fared,1
passive,4
shout,3
spread,3
nhowever,3
board,6
evidenced,2
s1600,1
viking,1
capt,1
getrekt,1
boxes,1
nwhy,1
theyre,3
cxm0jvh,1
night,25
lapses,1
invaluable,1
security,1
accuracy,1
cooled,1
538,2
gawker,2
sends,1
grreeaat,1
born,2
nturning,1
confusing,3
congratulate,1
comments,18
embarrasment,1
asking,3
beating,7
pls,1
marketing,2
plz,2
illustration,1
graduated,1
post,56
trophy,7
erson,1
nedgar,1
xa0should,1
wasting,1
float,1
balances,1
mvps,2
wan,1
ahahah,1
greyjoy,1
fight,17
clinical,1
way,84
war,2
lowest,2
showup,1
mvp',1
hypocrite,1
bighorn,1
true,35
absent,1
physicality,1
braves,1
undefeated,16
maximus,1
gfjnu68,3
guessed,1
promised,3
physical,7
weakened,1
reality,2
shrine,1
nyou'll,1
holding,5
unwilling,1
dynasties,1
scored,12
brothers,11
welcome,7
convincing,1
update,1
let's,13
walton,1
scorer,5
scores,7
fanboys,1
together,13
loyal,1
lineup,11
calibre,1
paced,2
basically,19
dance,2
global,1
switches,6
lannister,2
battle,3
superpower,1
certainly,4
zone,1
honoring,1
ncredit,1
outplayed,4
compensate,1
rhythm,2
lmaoo,1
jvg,6
brown,4
decking,1
1sts,1
seemingly,5
liability,5
entries,1
trouble,7
perceived,1
gud,1
turns,5
p,4
fuuuck,1
guy,50
upper,1
brave,2
regret,1
nwuji1m,1
professionalism,1
cost,5
nsteven,1
helpless,1
snipers,1
curse,11
appear,1
havok,1
cav's,14
shares,3
ragging,1
pulsating,1
gawd,3
explosion,2
goldfish,2
appears,1
change,15
sending,1
incoming,3
flames,1
lakers,12
usually,21
homecoming,1
regardless,7
extra,6
uphill,1
retires,2
741478745555402752,1
embarrassing,8
rarely,3
n'no',1
flavors,1
prove,3
bigs,1
retweeted,1
live,12
jam,5
valium,1
https,84
cuter,1
anyone's,2
slays,1
nstolen,1
clue,2
nback,1
graphic,3
douche,2
defeats,1
pergame,1
car,1
cap,4
cav,5
cam,1
heart,18
29pt,1
chip,2
nemo,1
didn't,91
heard,6
chin,2
clothing,1
discussion,4
exceptional,2
thirstiest,1
freezer,1
write,1
state's,4
nhttp,12
nonstop,1
economy,1
product,4
sacrifice,2
diva,1
produce,3
heroes,1
remember,42
whenever,3
ehhhh,1
turnstile,1
pregame_hype_thread_gsw_vs_cavs_game_2_finals,1
tagged,1
serving,1
indeed,1
ended,5
cold,7
still,132
birds,1
culmination,2
hampered,1
selves,1
reacting,1
forms,1
zjvkptn,1
occasionally,2
overreacted,2
non,8
noh,1
halt,1
half,35
dsz7vodgjx60a,1
discuss,1
nor,3
wont,2
james,29
drop,4
kerr,32
refereeing,3
bursts,1
entirely,1
em,4
en,4
eh,4
yeah,66
ec,1
replay,6
le'drayshaundre,1
year,136
happen,18
avoided,1
pills,1
amusement,1
shown,5
space,11
looking,24
rational,2
receiving,3
shows,11
inevitably,1
defenses,3
advantages,1
rebel,1
rlz,1
inevitable,2
card,1
care,12
kuroko,1
transition,3
honest,7
boxscore,1
domed,1
adventure,1
blind,3
2k36,1
flying,2
xd,2
yourself,5
xfa1,1
impossible,4
ring,18
drove,3
tomorrow,2
'em,3
size,4
sheep,1
breen,2
sheet,3
silent,1
caught,4
callous,1
remotely,1
friend,10
mostly,6
pittsburgh,1
brains,1
pnr,3
criticize,1
eliminated,3
cko5_oxveaipgk3,1
appreciated,1
png,23
puuuuuunch,1
television,1
karate,1
8zcmtl_1er8,1
decapitated,1
nlive,1
distorted,1
anger,2
recover,1
n_____________________,1
form,3
terrific,1
wcf,19
objective,2
ego,5
bitching,4
begin,1
prick,1
price,5
nbasically,1
importantly,3
america,4
ngoes,1
flawlessly,1
tooth,1
professional,3
typically,2
bandwagoners,1
16pts,1
fifty,2
fifth,1
ground,4
aint,2
upgrade,1
title,12
nall,2
davidblatt,1
mic'd,1
thompson,39
ffs,1
truly,5
cannot,7
celebrate,3
overworked,1
losers,2
d3q0eh8,1
husband,2
physically,6
x9710,1
hoes,1
sport,7
concern,1
3,154
between,15
justified,1
notice,8
bargrivingsdala,1
blame,17
clipboards,2
comeback,4
cakewalk,1
736x,1
horrifying,1
talented,2
tmac,1
wheels,1
comes,18
madness,1
741481242357436420,1
reactiongifs,1
inexplicable,1
couldn't,16
fruitful,1
spolstra,1
cares,2
rebuild,1
cared,3
rphm1y8eudw,1
punished,2
wheezing,1
jordan's,2
xa0how,1
stems,1
understand,15
soil,1
metric,1
explainin,1
embrace,1
somebody,6
mediocre,2
worry,5
develop,1
media,35
food,1
qydlylf,1
finish,6
closest,1
enjoyment,1
nsincerely,1
clippers,12
favorites,2
lebroff,1
tradition,1
mentally,4
bryce,1
charges,1
you've,8
valuable,3
anticipates,1
ps2,1
speed,3
tirade,1
death,8
legitimately,4
thinking,20
d3x9mx6,1
improvement,3
watchable,1
treatment,3
versa,1
halftime,2
wwlw,1
momentum,8
real,51
read,7
offence,5
gonna,48
early,19
using,6
lady,1
voat,4
miracle,3
benefit,5
t,8
fully,4
laugh,3
exposed,4
oscars,2
guillermo,1
ahhhhhh,1
worldstar,1
deficit,3
nuggets,2
hustle,6
teared,1
sixth,1
equivalent,2
nmy,2
sixty,1
exciting,5
throw,12
comparison,2
chop,1
escalating,2
greatly,1
supersonics,1
assassin,1
flashbacks,1
snapchat,2
thizz,1
heated,3
operator,1
nowadays,2
stare,1
area,6
aren,4
assumed,1
lol,76
start,32
low,18
lot,65
lou,2
teamwork,1
immaculate,1
jones,3
rjs,1
drains,1
trying,29
tryina,1
happening,9
hire,1
fraud,1
default,1
bucket,2
sadness,2
beliefs,1
expect,12
606,1
backcourt,1
moved,1
1200,2
homosexual,1
perplexed,1
moves,4
nerd,1
nerf,1
w700,1
heave,1
goatlike,1
valid,1
fools,3
forcing,1
poor,22
peat,1
sdot's,1
peas,1
overreact,7
offseason,5
coverage,1
building,4
gamer,1
tinypic,1
overseas,1
theypretty,1
since,36
exhibitions,1
pointing,1
groundwork,2
splitting,1
month,1
mp4,3
deadline,1
superman's,1
dreadful,1
backpedaling,1
icons,1
gsw's,4
foster,1
mpg,1
very,57
decide,1
everrrrrr,1
savagry,1
ninjakit,2
dunk,5
overmatched,3
fence,1
streets,1
shadenfreude,1
noaktown,1
chuckle,1
darkness,1
witnessed,2
mutombo,1
dribbling,2
nand,6
emotions,3
learned,1
edited,2
ferocious,1
loose,3
answers,1
bayless,1
strong,4
arena,2
ahead,5
0a5u7va0kjznaaawmqcw7j,1
31yo,1
losses,8
creepy,1
fired,19
amount,10
cathy,1
chernobyl,1
shuffle,1
toughness,1
family,5
hogs,1
aimed,1
trained,1
flaws,1
takes,9
injure,1
balled,1
taken,15
injury,13
2fwp,1
lineups,3
yuck,1
stylistic,1
dion,3
instrumental,1
excuse,14
broke,3
producing,2
nlike,1
offender,1
offended,1
nine,3
uvfhh95g90i,1
breezed,1
history,16
pushes,2
eazy,1
pushed,8
ndraymond,2
stayed,4
unlucky,1
ft,8
tried,14
sneak,1
fa,1
tries,5
fc,1
fe,1
fg,4
planet,1
lowe's,2
preferential,1
warrioirses,1
bugs,1
anytime,2
roommates,1
dream,2
chicks,1
iguodala,11
sooo,1
chalked,1
held,6
committed,4
hell,29
herod,1
botched,1
actually,62
heros,1
haven't,11
fool,1
yo,3
ya,7
anticipated,1
chick',1
foot,6
ninja,1
mcadoo,1
yt,1
desperately,2
occasions,1
freebies,1
bless,2
stopped,3
isn't,46
heavy,4
beyond,1
butthurt,4
event,1
dominates,2
presumptuous,1
surrounded,1
dominated,4
7,61
issue,3
usatoday,3
ast,3
favored,4
reason,31
base,1
brightest,1
dirk,1
bask,1
bash,1
terrible,18
cheering,1
american,2
expecting,6
dis,1
nhonestly,1
dolla,1
nedit,34
talked,1
dominating,3
miss,15
fearing,1
horse,3
transcendent,1
tighter,1
scheme,2
banana,1
'chef',1
jamie,1
varej,1
jordan,14
albums,2
grew,2
kindly,1
stl,1
grey,1
goldmine,1
recovered,2
toward,1
dahntay,2
charlotte,1
kart,1
wasnt,4
nhere,1
substantial,1
sentences,1
blissful,1
philly,2
lie,8
jour,1
lil,9
cave,1
swallowing,1
useless,4
26pts,1
cavs,433
liz,2
nactually,1
caliber,4
lebrons_new_pregame_chalk_toss,1
quote,2
350,3
compare,1
kat,5
salary,4
broadie,1
performances,5
noone,1
unreasonable,1
scontent,2
clean,2
usual,5
shoutout,1
hyper,1
phenomenon,1
662,1
hyped,2
arming,1
duncan,4
justice,2
less,28
kryptonite,1
flights,3
pretty,74
circle,2
melo,1
dominant,6
meanwhile,4
okc's,4
famous,1
feels,7
pretending,3
competing,2
during,31
intensify,1
sacrificed,1
spoelstra,2
millenium,1
retaliation,1
hype,5
hobbled,1
redefine,1
throwing,3
lebrick,1
close,38
accidentalrenaissance,1
fmvps,1
horrid,1
wow,4
won,60
checkmate,1
probably,59
piss,4
missing,12
unstoppable,3
isos,4
invisible,1
league,35
blacksportsonline,1
wouldn't,35
fl_progressive,1
sensitive,1
forgotten,1
protector,5
liked,4
liabilities,4
whatever,8
soundbites,1
likes,4
described,1
damn,35
empty,4
dame,2
generating,1
lived,2
partly,2
ridicudled,1
else,30
anthony,1
lives,4
liver,1
utmost,1
look,68
ndoes,1
pace,5
while,42
smart,7
loop,1
voters,1
overlooked,1
jpg,73
reads,2
ready,14
hyperbole,1
shaq,5
baseline,1
shat,3
dude's,1
belong,2
sliders,1
5tas4zb,1
grand,1
composition,1
used,21
dime,1
000,2
uses,1
user,1
haunting,1
possesion,1
4k6apq,1
overated,1
gsw,43
older,4
obviously,15
consistency,3
mobs,1
flaming,1
quarters,6
cocky,2
coug,1
roasted,5
praying,1
tick,1
guaranteed,3
twtitter,1
mcgrady,1
remaining,1
lacking,1
showing,14
tiring,2
nnba,1
game,512
wings,1
76e,1
excluding,1
chatsports,1
resorted,2
popular,1
pippen,1
parade,1
metres,1
lips,1
towards,10
mmmmm,1
ngames,1
savage,5
forgets,1
run,34
rub,1
laker,1
step,32
nyou,3
joffrey,1
lasts,1
ldssmile,1
faith,2
wouldnt,2
idk,12
classics,1
idc,1
silence,2
miracles,1
seeing,18
within,3
livingson,1
patreon,1
dwayne,1
rolls,1
statistics,2
infuriating,1
himself,23
dion's,1
properly,3
hail,2
reel,2
duds,1
intuitive,1
njr,1
cautiously,1
xalf1be,1
clear,3
doesn,18
d3cl7h6,1
cotton,1
amounts,1
nah,18
nai,1
nan,1
6r2yzpx7llc,1
nam,1
rewriting,1
nas,3
shumps,1
naw,1
nat,4
draw,4
dray,16
drag,1
rested,2
smiled,2
ruthlessly,1
dingus,1
zoominn,1
practically,3
svg,1
required,3
youtube,9
orbit,1
she'd,1
depth,8
she's,1
underrated,8
requires,2
sounded,1
evenly,1
x90,2
x92,2
x94,6
x95,1
x96,1
x97,1
x98,10
x99,3
gg,1
gf,1
go,90
gm,10
ass,26
gs's,1
beasting,1
stave,1
arrogance,1
arrogancy,1
friendly,2
g5,1
justicefordavidblatt,1
g1,1
rebounding,6
x9c,6
x9d,3
x9f,16
rattling,1
telling,4
stiff,1
positions,2
button,3
michael,2
hive,1
assignments,1
aaaaaaaaiok,1
nlet,1
overloaded,1
waking,1
jump,8
picked,8
brokered,1
plays,36
referees,2
focuses,1
upsetting,1
commercial,1
uccdp6hrkh0,1
embiid,1
focused,5
conceited,1
kidnapped,1
convert,2
643,1
weren't,17
winer_the_cavs_have_won_17_straight_eastern,1
foresee,2
clark,5
nstay,1
win,158
blattlivesmatter,1
wit,1
ligament,1
crap,2
remains,1
hydra,1
circumstances,2
camera,3
crab,1
stage,4
fiba,1
historically,1
started,24
becomes,3
mismatch,7
charming,1
rivalry,1
resize,1
ride,2
'brien,1
meet,1
drops,1
control,8
links,1
shtick,1
pulling,6
vibe,2
poetry,1
durtyyyyyyyyyyyyy,1
phil_jackson_lebron_needs_to_take_over_like_jordan,2
fouler,1
steamroll,2
fouled,4
fatigue,1
aaaaaaaaaand,1
x9cdecision,1
ce4q_auibigb,1
regilious,1
maaaan,1
including,5
mentioned,1
artest,2
nput,1
blake,1
nmsg,1
ngreen,1
024,1
hands,5
front,10
announcers,2
masters,1
mods,3
playoff,23
firings,1
mode,9
nchipotle,1
upward,1
ankles,1
bluberries,1
special,6
nscore,1
entertainment,3
armor,1
reboot,1
shambles,2
memes,11
cause,13
ecf,5
completely,31
clevelands,1
njust,3
celtics,5
route,1
ask,7
times,37
49ers,2
shred,1
timed,1
shoehorn,1
ndid,2
58,1
bitch,23
sosa,1
''trying,1
quality,2
you're,47
playlist,4
long,24
hyperbolic,1
filthy,2
achieved,1
attack,2
perfectly,5
final,8
prone,1
rsn,1
cavs',2
exactly,17
opinioin,1
that'll,1
omen,1
heartedly,1
bed,8
barb,1
6th,2
spurs,39
drunk,5
villains,1
presscdn,1
enforcer,2
ucbqqux,1
screw,4
bastard,1
dankness,1
physique,1
instance,1
motha,1
expires,1
dubs,15
vinephilly,1
vengeance,1
russell's,1
sa,3
ncleveland,2
sg,1
upset,6
impression,3
emerging,1
anyway,7
reclaiming,1
soldiers,1
tristanthompson,1
sh0,1
anderson's,1
based,6
earned,4
winner,3
millennia,1
wreak,1
reactive,1
ngs,1
klove,5
doubting,1
slows,2
crumbling,1
michigan,1
overall,5
120,1
tbh,11
tbm,2
legitimate,1
128,1
tbf,2
processes,1
shy,3
dejected,1
she,10
contain,5
years',1
pinimg,1
cko_cv9w0aar6eb,1
preach,1
nthere,2
woooosh,1
shake,1
stopgirl,1
freeze,2
niners,1
desperate,1
stats,41
nightmare,7
horribly,3
tend,3
written,1
lue,97
correctly,1
horrible,6
neither,4
wall's,1
comparable,3
76ers,1
importance,1
buckets,4
efficiency,3
blinked,1
key,8
kev,1
precious,1
ker,1
boo'd,1
hits,4
defense,101
limits,1
career,18
minds,2
revitalized,1
exhuasted,1
jersey,3
ckpb,1
fatality,1
ntrade,1
franchise,2
ndelly,2
nmore,1
kings,2
draymonds,1
quit,3
yay,2
nhow,3
slowly,1
yah,1
username,4
shoulders,2
controlled,1
both,54
vince,1
kicks,3
smoking,1
cjojbq0,1
screencap,1
lebrondas,1
intimidate,2
harder,10
harden,3
cashing,2
owns,1
bucks,5
u2dtr,1
010,1
began,2
strange,1
party,3
http,142
reactionary,3
rightfully,1
absorb,1
appearances,3
effect,1
sarcastic,5
prophesied,1
isch,2
steals,5
clevland,1
ama,2
well,118
welp,2
versionid,1
sleepwalking,1
insinuating,2
accurate,1
mistaken,1
43,1
sources,1
mistakes,1
skill,5
nyou're,2
photobucket,1
logged,1
upvoted,3
bullshit,7
runners,1
upvotes,6
kick,6
fate,1
nriley,2
crushed,2
loveed,1
historic,3
15622856b6,1
think's,2
loss,15
necessary,2
lost,68
exploiting,1
fingerprints,1
candy,3
taping,1
sized,3
exhausted,1
luke's,2
lose,40
adversity,3
jacked,1
twitter,10
scuffle,1
repeat,5
cleveland,148
competitor,1
grinding,2
demonstrated,2
questioners,1
reaching,3
offset,1
choked,2
dun,1
freedom,1
recognized,2
sba1cw2,1
x99m,5
puppies,1
stakes,1
equally,1
leniency,1
gnvuwqc,1
couldnt,4
strategy,1
pointless,1
marvelous,2
os0x,1
additional,1
relegated,2
noticed,5
7lzwlkc,1
d40ml0l,1
north,2
hr,3
534x401,1
triangular,1
forreal,2
blaming,5
neutral,2
hi,3
gain,2
ha,1
eat,6
signed,3
whoa,2
cruel,2
stories,1
piece,3
ndon,1
nlook,1
dialogue,1
twist,1
beats,3
iman,2
girl,3
lopsided,1
contest,5
offensive,24
lebrons,15
talkin,1
stat,23
allstars,1
stay,4
stab,1
friends,6
curbed,1
blogs,1
keving,1
portion,1
nwould,1
cleve,1
rebuilding,1
whoops,1
dynamic,1
shit's,1
andre,4
protest,1
downvoting,1
6pm,1
offenses,2
buddy,4
seriously,28
presents,1
sorry,24
updated,1
cavaliers,27
connects,1
redact,1
updates,1
'all,1
derp,1
dominate,3
skills,4
irrationally,1
ups,8
clothes,1
10k,1
0oy2yu0,1
force,6
tenuous,1
rodman,4
across,2
likely,14
nthe,21
10s,1
id477383208,1
implemented,1
even,152
nel,2
tonight's,1
lights,3
tips,3
ever,44
lbjs,1
mem,1
never,96
meh,3
drew,1
udxuvuia0ci,1
fuck,98
100,7
aren't,22
104,1
105,1
ignoring,1
credit,9
oozed,1
fell,1
fantastic,3
counts,1
yoshi's,1
army,1
arms,2
'shoot',1
call,36
calm,2
survive,1
type,10
tell,17
posting,1
oscar,1
wars,2
'punked,1
warm,1
room,10
2points,1
worth,11
fadeaway,2
westbrook,14
vodka,1
stagnated,1
fresher,1
give,49
involve,1
btm9xeq,1
amazing,31
answer,5
butting,1
ova,1
president,1
attempt,4
anymore,22
third,13
away',1
maintain,1
'09,1
'06,1
'07,1
athletes,1
recieves,1
foresaw,2
fetus,1
enogmvo,4
wut,1
ixjugaaw0dq,1
saving,2
218,1
before,53
scoring,13
personal,4
",",1901
better,147
differently,4
chatty,1
weeks,4
gunning,1
downs,2
aborted,1
downright,1
meat,1
iso's,2
roast,2
went,42
side,4
mean,64
durability,1
d40mjb1,1
x80,37
trading,3
forgot,11
aids,1
dawn,1
publically,1
scoreless,1
restricted,1
tales,3
crucial,3
content,12
surprise,4
langur,1
turning,9
1s,1
struggle,5
blinders,1
starts,3
messages,1
ish,1
iso,37
isn,4
signature,2
swiping,1
moving,8
loud,5
fuckin,6
features,2
grade,3
hoop,2
thereof,1
featured,1
varejo's,1
hood,1
9hquw,1
concussion,4
hawks,3
historian,1
witnessing,1
draft,2
tuc4bdr,1
bouncing,1
atleastitwasnt50,1
somewhat,5
1405283674000,1
boarding,1
spoiler,2
matteo,1
matter,16
silly,3
spoiled,3
sees,1
pistons,3
mind,21
mine,1
seed,2
ngotta,1
seen,35
seem,10
mins,3
tells,5
fitting,1
niece,1
demoralizing,1
kimbo,4
davidson,1
mario,3
regular,23
don,34
doo,2
m,5
dog,2
breather,1
points,58
urgency,2
kristen,2
retire,1
izcunxh,1
subreddit,5
implying,3
attempts,1
sown,2
stepping,2
739659000782983168,1
probs,1
explain,4
folks,1
wearing,2
shhhhh,1
stop,26
coast,3
cracks,2
741482299292811265,1
smug,1
x404,1
14,13
baw,1
earn,1
bay,13
bag,2
bad,89
18,9
ban,1
bah,1
decides,1
reference,4
nrest,1
winnable,1
d's,1
yoshi,3
02,1
03,1
streamable,3
said,68
06,12
07,6
nit's,4
05,1
sorta,1
scrap,1
smacks,1
there's,36
olympics,1
sorts,1
warrios,1
warrior,7
reddit,23
relatable,2
omg,2
wears,1
dumber,1
picking,3
suggested,1
against,81
height,2
exodia,1
nlove,1
durants,1
loaded,1
kyries,2
proceeded,1
puts,9
basis,1
three,39
tiny,2
trigger,1
interest,1
entered,1
riley,6
threw,5
mcl,1
deeper,1
sag,1
shattering,1
kudos,1
personally,5
downplay,1
violations,1
unpopular,1
exception,1
tank,3
nsuper,1
ugly,5
near,14
rained,1
suppose,2
murders,1
spawn,1
seven,3
ntonight,1
mexico,1
iq,4
defeated,2
heroball,1
shame,8
cant,4
im,7
faked,1
ie,1
id,5
disappear,2
mario's,1
make,96
debuted,1
ayesha,1
potentially,3
belly,1
unfortunate,1
80s,2
grows,2
entitled,1
evolve,1
i0,1
damonbruce,2
waterfall,1
kin,1
hateable,1
kia,3
opportunity,4
he'll,12
thoughts,5
kid,18
butter,1
mguy1ru,1
practiced,2
nsorry,3
timeouts,1
youre,2
flops,3
yours,1
nlol,2
protocol,1
just,405
sentence,2
yea,5
3's,8
unfair,1
fighters,1
human,3
facts,1
yep,7
yes,42
tattooed,1
yet,22
nicolas,1
nsteph,4
character,1
potential,4
weakside,1
stomped,1
eh90cxw,1
preseason,1
sportin',1
3pt,6
flatulence,1
xwzkky7,1
whichever,1
3pm,2
background,4
wanting,1
dreams,2
shoulder,1
nevermind,1
performing,1
notorious,1
www,29
43664803788627968,1
deal,11
somehow,2
dead,9
wwe,1
intern,1
justklaythings,1
statistic,1
dear,3
eked,1
ignore,1
floaters,1
normal,7
microwave,1
track,3
tracker,1
netwpoy,1
bold,1
burn,6
jester,1
confrontation,1
super,25
bossdaddyjay_,1
yelling,2
oreb,1
birdman,1
commit,5
automatically,1
nerve,1
whats,3
subs,1
reaping,1
chooses,1
down,97
refined,2
nkevin,2
initial,1
fraction,1
lowe,3
offering,1
batman,1
nthanks,1
landing,1
225,1
surrender,1
analyst,1
bounds,2
stages,2
temper,1
abusing,1
sticks,2
classic,3
toss,1
wetmeaslyfox,1
pileup,1
awhile,2
shit,119
holla,3
generally,3
handed,2
delivered,1
dies,1
felt,19
journey,1
weekend,2
died,5
billion,1
hbohy9q,1
apology,2
assume,4
daily,1
fso,1
konami,1
restored,1
precise,1
managed,1
skip,1
dwyane,3
mile,1
playoffs,50
smock,1
milk,1
635989196242400823,1
21st,3
suicide,1
depend,1
father,3
disgusting,1
0,23
finally,13
stabilizing,1
hamstrung,1
string,3
tends,3
tacos,11
bronsexuals,1
ma,1
did,127
die,10
dig,2
accidentally,1
nzach,1
travels,3
round,10
dir,1
it'll,3
unexpected,1
nineties,1
draymond,79
eating,1
suspect,1
nhilarious,1
international,1
bandwagon,5
criticizing,1
monies,1
wait,14
box,3
boy,8
nwarriors,8
shift,2
thrashed,1
assists,9
tqpymtdmsus,1
genuinely,4
useful,2
kayak,2
planck,1
everybody,11
defecit,1
sake,1
dude,46
insider,1
livington's,1
black,2
sharpen,1
thru,1
sharing,1
incredulous,1
downtown,2
oop,2
savior,1
effort,12
fly,4
mmhmm,1
h0rf13h,1
soul,2
rbdty6c,2
growing,2
making,26
bites,1
crazy,36
predict,2
lowry,1
confused,7
agent,1
dennis,1
nadams,1
overreacting,2
nwe've,1
till,5
sunday,1
pure,2
nya,1
pint,1
map,2
staying,4
143,1
max,10
accessory,1
mac,1
mad,8
20121014215520,1
end,62
guys,55
grow,4
man,90
benjamin_finneran,2
scrambling,1
neck,3
johnson,1
maybe,44
16105116,1
q,4
1c1tsnp_enus483us483,1
switch,8
block,4
african,1
basket,9
tall,1
talk,13
cute,2
shoes,8
pointed,2
wishing,1
matchups,7
cuts,8
pointer,5
group,4
thank,6
interesting,5
coaching,27
mail,1
main,8
prime,6
mismatches,2
views,3
rattled,1
killer,2
shatter,1
sooner,1
curry's,9
interview,5
touching,1
safari,1
killed,7
rattles,1
beach,2
rock,3
deandre,1
ig_cache_key,1
preaching,1
wwlww,9
nhis,2
summary,2
canada,2
living,6
jackson,5
3rd,15
miles,2
ymca,2
objectivity,1
correct,4
earlier,9
monster,3
ors,1
bringing,1
california,1
org,4
cough,1
language,1
surgeries,1
thing,56
funky,2
think,185
waited,4
cheese,1
signifies,1
suspended,1
carry,5
sounds,9
facilitation,1
little,31
13298277_1768664103353103_882294016_n,1
anyone,31
1k,1
speaking,1
meme,18
eyes,7
accurately,1
broadcast,1
eyed,1
butt,2
undoubtedly,1
streaker,2
11,11
10,39
13,6
12,18
15,36
warrior's,2
17,8
16,3
19,5
scraping,1
gotta,15
protected,1
2stl,1
gifsound,1
lebron's,31
gathering,1
lick,1
fssta,1
barbossa,3
surgery,2
kevin,56
squat,1
bailed,1
efficient,8
answering,1
shocked,2
squad,7
interior,2
performance,13
switching,9
channel,2
bets,1
200,1
pain,1
roster,13
209,1
paid,7
sheets,1
szawebs,1
especially,28
surprising,4
larry,6
voodoo,1
shop,3
rating,1
shot,68
nthey,1
show,23
elevate,1
nthen,5
shoe,5
83vlqb4,1
nklay,2
corner,9
data,1
dick,11
eozafaqfdwu,1
enough,51
impunity,1
4lx8oy,1
media1,1
girlsmirin,1
travesty,1
hippo,1
exaggeration,1
contracts,3
schmoozers,1
stomp,1
nyeah,1
nearly,16
distinctly,1
rjeff,1
gem,1
gel,1
morning,1
stupid,5
worrying,2
declared,1
seat,6
doings,1
iggys,1
wonder,9
satisfying,2
behind,4
reading,4
checks,6
larrybrownsports,1
timmy,1
jr,50
killing,3
'its,1
trolling,2
lopez,1
jfc,1
chelsea,1
trades,3
according,3
sketchy,1
disappointment,3
traded,6
among,2
stretches,1
jk,2
cancel,1
nose,1
considering,5
capable,3
mark,3
judging,2
luesing,1
oa907a,1
dramatic,1
those,78
sound,7
stacked,2
slumber,1
awakened,1
cock,1
philosophies,1
conferences,4
eventually,2
rubbing,1
strait,1
happeend,1
middle,2
dangerously,1
s900,1
different,30
pat,4
pay,2
pepe,1
tour,1
same,61
wizards,2
pad,7
o'brien,1
struggling,3
pan,1
pao,2
extended,3
assist,5
running,13
nmaybe,2
totally,10
layup,5
drain,1
largely,2
ndam,1
amazes,3
roommate,1
accountable,1
bowser,3
amazed,1
gates,1
money,16
adjustments,6
pissing,1
2138,1
aspect,1
nabsolutely,1
clueless,3
4,67
vracvxf,1
careers,2
moz,3
741475547742638080,1
tensed,1
simmons,1
mom,4
mob,1
disappointed,3
nanyway,1
adams,14
've,6
thorpe,1
chamber,1
either,31
served,1
15430004,1
pronounce,1
nchoke,1
erase,1
nbut,19
images,2
cabs,1
matching,2
outs,1
lotto,1
overly,1
critical,1
doggy,1
knife,1
dissapointing,1
seconds,9
manufactured,1
tweet_video,1
broken,7
feeds,1
raptor,1
mixed,1
road,2
quietly,2
blessed,1
references,1
1584,1
strip,2
shells,1
treys,1
handcuffed,1
structure,1
decisive,1
tycoon,1
nbarnes,1
land',1
neveryone,1
ronaldo,2
nuttap,1
electrifying,1
lelbron,1
leaked,1
videos,1
tywin,2
deep,15
general,3
file,1
footers,3
girlfriend,2
lifetime,2
film,2
again,44
x99re,1
personnel,6
wan't,1
field,5
1bd,1
obsessed,1
important,3
chris,2
assets,5
casts,1
u,30
alright,2
starting,13
forget,12
suns,3
suburban,1
lnms,1
remeber,1
talks,1
gs,39
obglitory,1
children,2
shattered,1
nunu,1
hooks,1
chucking,1
enjoying,3
premium,2
returning,1
fall,3
iur,1
steve,6
washing,1
reminding,1
donovan,4
neighborhood,1
playcalling,1
i1138,1
clinch,1
knifey,1
zero,7
titles,6
perspective,3
further,2
appreciating,1
90s,3
defence,11
stood,2
opted,2
doting,1
movement,5
tattoos,1
eternal,1
threads,4
slapping,1
ls96ft9,1
margin,3
ytimg,3
nbecause,1
chuckers,5
d1px,1
africa,9
werriors,1
empties,1
9er,1
eye,1
composure,1
two,70
splash,28
tacky,2
dunks,6
achieving,1
formality,5
mozilla,1
ain't,7
particular,3
'jordan',1
none,6
hour,3
recall,3
sucks,14
dew,1
guards,7
remain,1
dem,1
def,3
shark,3
stacking,1
share,1
backdoors,1
minimum,3
numbers,8
reliving,1
unappreciated,1
needs,54
awkward,3
comfort,1
needa,1
nwas,1
gtfo,1
par,4
draymond's,4
blood,4
coming,19
ebron,2
response,4
bleak,1
brady,1
that'd,2
coat,1
eats,1
responsibility,2
facebook,1
playing,72
that's,99
egregiously,1
varejao,24
hurtin',1
through,35
arrogant,2
24,6
messed,3
26,5
27,3
20,37
21,6
possessions,10
23,4
28,4
gangstaaf,1
late,10
2',1
dolls,1
hurting,3
good,180
disrespectful,2
7vdvero,1
goon,1
noticing,1
okc,72
complain,1
association,1
easily,11
huddle,1
2q,1
2s,3
drake,2
xpdax5g,1
2f,1
repeating,1
2k,6
leapologists,1
everyone,65
mental,3
house,1
energy,10
hard,58
idea,16
countrymen,1
fist,1
portland,9
lovers,1
29,2
rbxl5mv,1
acting,10
they'll,6
print,1
tampermonkey,2
bully,1
pathetic,4
commits,1
motherfucker,2
bombshell,1
members,2
blindpowerfuldassie,1
backed,2
beginning,4
benefits,2
needing,1
10905,1
dribbles,1
tos,2
raptors,4
dont,16
mosgov,2
valentine,1
mishandled,1
done,19
qaessk6,1
ncheers,1
5th,2
least,50
paint,13
regulation,1
186,1
statement,3
mama,1
muscles,1
a0gklge,1
hurrrr,1
park,1
part,37
gruesome,1
believe,31
b,11
gotten,10
supposed,14
declare,1
outta,5
kxkwcwtcq8i,1
thedonald,1
aged,1
built,3
depending,2
majority,1
build,2
sonics,2
insufferable,1
eggs,2
depths,1
most,72
embellish,1
'82,1
extremely,11
vegeta,1
kg,2
kd,16
storyline,1
cameramen,1
ky,3
particularly,1
'bogut',1
fine,14
giant,4
moreyball,1
nervous,4
ruin,2
benn1ce,1
idiots,5
couldn,2
8,28
tyron,2
prowess,1
luke,1
express,1
rest,26
silk,1
sill,1
resolve,1
doubled,3
killingston,1
doubles,1
lvkst1w,1
ncompare,1
vine,4
individual,1
8328,1
outsmarted,1
shumperts,1
ndown,1
schadenboner,1
2fuploads,1
please,10
halves,1
fans,75
donate,1
seeded,4
vindicated,1
pisses,2
complement,2
blatant,2
fuckas,1
pissed,8
folding,1
reverse,1
powers,1
alot,2
point,87
simple,3
newborn,1
simply,9
shutdown,2
bricking,1
throughout,3
expensive,3
create,8
secret,5
reformat,1
gay,2
hx6v2u9mrnw,1
gas,1
gap,1
pricey,1
nuked,1
fapper,1
underdogs,1
bvmaeil,4
partybackdoor,1
pierce,3
heavier,1
960,1
raw,1
solid,8
sxnqjq4l,1
bill,3
convo,3
replaced,1
sobs,1
fun,13
gm's,1
fuk,1
portugal,1
heroically,1
violently,1
blackandwhiteedibleindianrockpython,1
itself,5
relatively,1
praising,1
keys,2
assignment,3
yesterday,1
ndisadvantages,1
moment,6
aggregate,3
timid,2
'series',1
hows,1
gene,2
finesse,1
percentages,1
spent,3
nthat,5
y,2
organization,8
chemistry,6
spend,2
nwest,1
david's,1
ceo,2
25pts,1
openly,1
snot,1
twimg,15
wage,2
nwin,1
cut,9
cup,1
hated,4
cuz,6
source,3
pf's,1
mavs,5
excited,1
hates,8
hater,4
ridiculously,2
manage,1
bih,1
big,66
rebound,4
laughed,4
matters,5
biw,1
bit,32
knock,4
semi,3
nstab,1
foolish,3
ptsd,2
looooot,1
outscored,1
often,6
absolutely,30
back,101
strongest,1
pricing,1
mirror,1
facing,2
decision,5
per,4
bogut,10
bendover,1
sneakers,1
eliminate,1
epic,4
commentator,2
invade,1
laughing,2
patient,1
remembered,1
continuing,1
chanting,1
nhttps,8
stomps,1
metaphor,1
16101819,1
deanblandino,1
slams,1
extensions,1
jimmy,1
nso,6
beatdown,1
aliens,1
nbarber,1
steven,3
lesson,1
downhill,1
delusional,1
realisation,1
comback,1
pronunciation,2
forward,5
translate,1
opponent,6
pounded,2
hoped,2
pounder,2
boys,8
hopes,4
lowlight,2
nutshell,3
aldridge,1
blanketing,1
mavericks,4
clips,2
're,26
planes,1
ogrmmq7yt0u,1
possession,6
devastating,2
constant,2
flow,4
specified,1
nsigh,1
single,16
kombat,1
xb8,4
nshout,1
xb0,2
nplus,1
excuses,15
bracket,2
ellen,2
warrirors,1
finley,4
explaining,2
favourite,1
prepared,2
guy's,2
utterly,1
fisher,1
entertaining,7
obrien,1
negating,1
ballhog,1
teams,62
amused,1
2001,1
2007,4
2004,1
xbd,1
2008,2
2009,1
xba,2
xbc,3
lestatpad,1
ndragic,1
helps,4
fatal,1
nervousness,2
unbeaten,1
putting,7
lenghty,1
severely,1
staffs,1
wade's,3
wcfs,1
imgur,120
dimes,4
averaged,5
crow,1
crop,1
uncomfortable,3
rivera,1
depression,2
giving,10
worshipping,2
3q,1
3p,1
clipboard,7
3a,1
npretty,1
3d,2
body,4
exchange,1
nhave,1
spacing,2
sins,1
nonexistent,2
objects,1
'draymond,1
healing,2
others,6
extreme,3
39,2
38,4
talent,20
33,8
32,3
31,2
30,24
36,3
35,6
34,5
implement,1
proof,2
composed,1
named,4
limp,1
baskets,1
fittingly,1
seamless,1
flabby,1
arriors,4
themselves,13
train,3
harvest,2
account,1
f,6
tunnel,1
unreal,6
obvious,14
praise,1
10800754912951296181,1
closing,1
didnt,10
wx3eomexmzg,3
loser's,1
effectively,1
native,2
regains,1
noises,3
prepred,1
holds,1
aaaaaaaagng,1
bargrivingston,2
collection,1
klay,89
addons,2
chasing,2
subreddits,1
gundy,1
furious,1
subsequently,1
vujrpkg,1
horns,1
horny,1
bunch,10
la,2
lo,1
winning,36
resorting,1
willing,4
euv,1
stepped,2
dad,8
barbosa,21
barbose,2
dam,1
dan,8
dat,1
mention,7
cutting,2
day,17
experienced,1
flair,4
apologize,2
assumng,1
standardizing,1
unoriginal,1
haymaker,2
defend,16
farm,2
mate,5
stud,1
reb,2
autocorrected,1
ref,7
math,6
payroll,4
vernonmaxwell,1
trends,1
retards,1
yara,1
interaction,1
yard,2
bowman,1
flippin,1
mortal,1
south,2
williams',1
strategic,1
embarrassed,1
pgt,1
pgs,1
reliable,3
owning,1
ancient,2
sadly,3
monkey,2
chased,1
ripples,1
realistically,2
chaser,1
explanation,2
nobody,9
blazers,6
nocookie,1
tm04,1
goku,1
loved,9
slack,1
bubble,1
pointers,2
giphy,6
loves,6
lover,1
2x9tfxl,1
athleticism,6
neutralize,1
comfortable,1
tide,1
unlikely,4
apparently,6
whines,1
minimally,1
min,3
mia,2
nub,1
mic,4
mib,1
mid,11
mix,2
reciting,2
savages,3
unless,11
nalso,11
healthcare,1
where's,3
sfo,1
collateral,1
gather,1
odyd7li,1
absurd,1
skinny,2
normally,2
nsad,2
dellavedova,6
rotating,1
elimination,1
xd9,1
staff,2
knowledge,3
sparks,1
upvote,5
woaaah,1
satan,3
2244,1
fumbled,1
inferior,2
regularly,1
pull,13
beat,46
unbeatable,2
interpreted,1
thrives,1
lobs,1
caves,1
y0qbpms3badzy,1
pfft,1
calling,15
wasn't,32
blogspot,2
won't,22
fixed,1
exists,1
national,5
intensity,5
x9ci,1
phases,1
exploited,1
attempting,1
blatt,55
phased,1
nthere's,2
spotify,2
sorrow,1
deliver,1
mayne,1
legit,4
commenting,1
vignette3,1
joke,16
taking,35
equal,6
passing,11
glorious,2
otherwise,6
comment,24
tumblr_n3w5k172dr1qkqj7do1_400,1
cko9xvjwyaa0wmq,1
nnon,1
49er,1
it's,219
neutralized,1
seasoned,1
ah,1
nnot,3
nnow,5
outliers,1
it'd,4
x99ll,1
finisher,2
t51,2
cos,1
finished,3
tense,1
kyrie,146
bull,1
fellow,4
splitt,1
plain,1
appearance,1
value,5
promoted,1
frustrating,8
steph's,2
likable,1
aw,1
almost,32
delusion,2
fiddy,1
helped,6
claimed,2
alihom0,1
leboob,1
vresize,1
injured,6
practice,6
selfish,1
fucker,2
vqs9t5q,1
fucked,12
judgment,1
shitting,1
center,4
disappears,2
antonio,4
thought,49
exceedingly,1
sets,1
tasted,1
position,5
muscle,1
latest,1
coaster,1
nicknamed,1
coasted,1
interim,1
seats,3
protecting,1
adv,1
ads,1
bench,112
add,5
chippiness,1
citizen,1
crymond,1
ought,1
waluigi,1
nailsl,1
success,8
vibrant,1
porous,1
works,8
soft,10
italian,1
alive,4
hair,8
wider,1
proper,1
whined,1
happens,18
corpse,1
assuming,6
screwed,2
stellar,2
although,5
worthy,1
actual,14
boards,8
stephenson,1
blessings,1
francona,1
arguabley,2
functional,1
guard,12
doesnt,2
female,1
entices,1
legends,1
awarded,2
biggest,16
buy,1
cucked,1
reminds,3
buh,1
bum,1
i9bx3rnolgt,1
memphis,1
partially,2
wise,8
glory,2
dangerous,4
j,6
flip,3
backfired,1
minutes,49
pin,1
pic,3
commentators,1
shooting,45
pit,1
campus,1
49,3
44,2
45,4
oak,1
detail,1
40,17
41,1
blatts,1
respects,1
shouldve,2
detractors,1
findog,1
bundle,1
shrinked,1
shump's,1
dickbutt,1
humilated,1
4s,1
4q,2
mychal,1
yell,1
wwwwwwwwwwwwwwwwwwwwwwwwlwwwwwlwwwwwwwlwlwwwwwwwwwwwlwwwwwwwlwwwwwwwlwwwwwwlwlwwww,4
limited,2
hats,1
dynasty,4
nwe,2
sleep,4
hating,3
n535,1
hate,26
assembled,1
poorly,8
feeding,1
tweet,2
midseason,1
whatsoever,2
under,21
pride,1
regrets,1
lure,1
lololol,1
every,78
jack,4
confetti,1
jace,1
school,9
obsessive,1
flutters,1
mygm,1
enjoy,6
consistent,3
d3tbo87,1
direct,2
surrounding,1
louder,3
xf0,15
shining,1
hide,3
christ,3
beaten,7
poison,2
blur,1
zach,4
hundreds,2
humility,1
digits,3
leaves,3
changed,11
analysts,3
ncavalier,1
changes,3
offs,2
x9az,3
visible,1
52737,1
hospital,2
preview,1
pepperidge,1
11421941_903677466370750_1145163924_n,1
adonal,1
grief,1
phone,2
varsity,1
must,23
shoot,29
join,3
cheapest,2
mm,1
mo,4
mj,12
install,3
mr,3
3hnmut6,1
shook,3
loosen,1
keep,26
guarantee,5
ceremony,1
collude,1
iggy,23
sitting,6
writers,2
toxic,1
badly,4
description,1
mess,2
insecure,1
jumping,2
qvnwaag,1
danny,2
preciousssss,1
funniest,2
ultimate,1
suggest,1
amir,1
executed,1
over,128
clench,2
jpeg,2
bron's,1
mozgov,18
warriros,1
difference,18
beal's,1
img,2
cle,13
clg,2
imo,14
writing,1
destroyed,4
clxlbhgvaaa4tyc,1
fade,1
400,2
z0scr6s,1
handrewbrozel,2
trippin,1
shadows,1
cable,1
chuck,2
detroit,2
victory,4
each,20
irregardless,1
getit_rose,2
signing,1
iso'ing,1
combining,1
ghosts,1
nits,1
gettyimages,1
driving,8
god,33
kawhi,1
bennet,1
adjust,6
got,133
perception,1
nif,9
nwestern,1
shampionship,1
formation,2
rain,1
wanted,47
junper,1
privacy,1
days,12
heck,1
hopeless,1
group's,1
onto,4
nhe,14
already,27
nhi,2
primary,1
hearing,2
rant,2
sarcasm,2
top,30
tov,1
ton,11
too,114
tom,1
percentage,5
toe,2
ceiling,1
murder,2
tool,1
took,19
harrison's,1
sync,1
western,9
abandoning,1
scenario,4
warmup,1
ewco5lnx,1
0v2y6decivu,1
pagely,1
noff,1
donkey,1
fashion,1
ran,7
ths,1
repping,1
talking,22
rap,1
nlmfao,1
screws,1
staggeringly,1
lbj,15
ray,4
ragged,1
thoroughly,1
balling,4
oriented,1
hofers,1
effectiveness,1
rides,1
though,79
abc,3
plenty,3
flop,6
metal,1
nbiggest,1
reputation,2
repalcing,1
bait,1
random,1
colors,1
earth,2
bail,1
situations,3
minnesota,4
spits,1
photo,2
announce,1
chipotle,1
waltz,1
saiyan,1
watch,54
fluid,1
shutting,1
redditor,1
despite,5
report,1
knocks,1
_bluberries_,6
countries,2
idiotic,1
public,1
twice,8
shots,57
boring,7
automatic,1
swept,11
nut,7
peiwalh,1
submitted,1
nuh,1
jerseys,4
iirc,1
continually,3
mug,1
hopefully,7
approach,1
muh,1
bv4lqrz,2
361,1
confusion,1
weak,11
however,10
boss,5
adage,1
phoning,1
bosh,26
wear,2
dedication,1
improve,2
faced,2
protect,3
fault,7
jelly,1
facet,1
players,72
games,102
bet,9
faces,3
8vdjr8q,1
1331088113_goldfish_3353046b,1
trust,7
mvp's,1
hitler,1
s640,1
conference,33
bathroom,1
ropes,2
rebounded,2
quickly,6
confident,8
beer,1
dyryw8zasyqnr73nutdr_tom,1
expected,8
transformed,1
nlooks,1
rebounder,1
sloppiness,1
drugs,1
blackhole,1
llll,1
catch,9
wfh,1
delly,23
n,900
weren,3
teachers,1
stopping,2
cracked,3
della,1
accessories,1
need,61
brutal,2
800,1
arguments,1
metaphorical,2
wound,2
complex,1
cwbwhn0w4aaf6_n,1
several,5
breaks,1
nfuck,1
thibs,1
pick,13
deflect,1
characters,1
positives,1
tyson,1
goofed,1
didntloseby40,1
greatest,15
mother,5
hearts,2
assembling,1
able,14
hofer,1
nowheresville,1
cherry,1
5s,1
teenager,2
humanity,1
gave,24
shumpert,10
nlebron,14
layups,22
judge,1
advanced,2
apart,4
iggy's,5
gifv,10
brutality,1
55,1
57,1
51,1
50,13
52,1
specific,3
offices,1
avatar,1
hung,1
matchup,16
spongebob,1
frustrations,1
nfrom,2
clubs,1
nwtf,1
ice,4
everything,28
02x10,1
420,1
christmas,1
overrated,3
deleted,1
circlejerk,1
disappeared,3
dissapointment,1
erotica,2
fod4,1
choke,6
surround,2
o'neal,1
plus,12
curry,169
ppg,7
presence,3
handsy,2
ahh,5
frye's,1
rely,2
git,1
outmatched,3
sneezing,1
transform,1
gallery,1
gig,2
gif,25
anderson,3
fought,1
heatles,1
nhe's,5
head,27
attempted,3
heat,25
hear,8
removed,1
adore,1
febb578f847a22792803b3b9a6947731f,1
nerds,2
nno,1
fury,1
zidane,1
annoying,3
check,3
constructed,2
ni,42
nj,1
nm,1
techs,2
na,1
whereas,3
tip,1
ne,1
tis,1
til,2
tim,3
setting,6
stagnant,1
np,1
tie,1
vanished,1
picture,9
tasteful,1
toad,1
football,1
younger,8
longer,11
swarming,1
nthis,6
n9,1
vietnam,2
n0,1
n1,9
n2,11
n3,7
n4,5
n5,3
coach,65
ron,2
focus,4
leads,6
lll,1
row,19
town,6
advantage,8
sloppy,1
emphasized,1
nlbj,1
cool,6
annihilated,1
impressive,6
level,28
posts,2
brother,6
culminating,1
quick,5
yall,2
slower,3
tougher,2
trend,1
toughed,1
slowed,1
i4znokp,1
a9ir5o1,1
chicken,1
stands,7
nnobody,1
goes,25
wpmzaoe,1
water,2
fluke,1
delonte,1
espn's,1
shaquille,1
male,2
thirty,1
healthy,46
chalmers,5
guilty,1
d'angelo,1
weird,13
afmp8hk,1
qfdxqo7,1
problematic,1
threes,13
morale,1
ummmmmmmm,1
1st,5
threee,1
handled,2
wrecking,1
msu,2
rasing,1
friends',1
sports,27
handles,3
handler,1
andy,2
msi,1
memory,1
prep,1
today,18
love's,4
riot,2
lwllwww,4
clicking,2
kwame,1
n'lebron,1
beers,1
cases,1
mz5ktmh,1
judo,1
lolol,1
thousands,1
streak,3
months,4
trump,3
kym,1
clevelandstillsucking,1
stroke,1
performed,2
counting,4
mismanagement,1
1,93
rubio,2
fourth,10
unbelievable,1
dub's,1
crashed,1
4th,48
tipped,1
avengers,4
unbelievably,1
x99t,11
disheartening,1
cekmriqw8aa_jm,1
mainly,2
blocked,2
memed,1
he's,147
rondo,2
he'd,14
happened,20
qualifies,1
moms,1
conversations,1
qualified,1
rivaling,1
browns,3
image_host,1
adguard,2
wagon,1
execute,2
name,10
opera,2
corners,2
debating,1
realistic,2
anointed,1
individually,2
weighted,1
torch,1
catching,3
begun,1
splashy,1
ultimately,1
oklahoma,1
prophesized,1
treading,1
nannnnnd,1
shouldn't,8
hacked,1
jacking,4
boobs,1
4njxfh,1
yup,5
motion,1
turn,9
fluffed,2
place,11
swing,1
turd,1
motherfuckers,2
teammates,25
1000,1
suspend,1
fetched,1
awfully,2
millions,2
given,10
necessarily,2
stuck,4
terrifying,1
legally,1
white,4
gives,4
hug,1
season,91
precioussss,1
subbed,1
specify,1
wide,7
unfortunately,5
r,60
schooled,1
cards,1
outcome,3
hedavuv,1
pre,2
'bosa,1
pro,7
2fldssmile,1
ncff,1
lebitch,1
buttholes,1
ideas,1
phillips,1
strengths,3
becoming,2
15o9l6,1
sure,66
multiple,6
1adults,1
falls,3
rematch,2
pleasure,1
icon,2
considered,5
shooter,6
hungry,3
uncle,3
east's,1
uninterested,1
replied,1
lebron_klay_thompson_and_steph_curry_probably_the,1
cheat,1
cheap,1
spaces,1
ngive,1
hack,2
spacey,1
ndamn,1
putbacks,1
knicks,3
state,22
crime,1
believing,1
jazz,2
begging,1
expectation,1
tailor,1
lighter,1
ssf,1
dhdgffkkebhmkfjojejmpbldmpobfkfo,1
freaking,2
reveal,2
regarding,1
jokes,4
penguins,1
clowns,1
invincible,1
bought,5
y'all,8
ignored,2
imposing,1
n19,1
college,8
ignores,1
parking,1
stanley,1
fails,2
ways,3
review,2
ntm07,1
weapons,2
outside,8
ginyu,1
spoony,1
toying,1
wouldve,1
25,19
cleaveland,1
nerdy,1
who're,1
overwriting,1
thrilling,1
come,42
reaction,7
superstar,10
22,3
kicking,3
successes,1
quiet,1
contract,10
subthread,1
ncoming,1
nkyrie,6
afterwards,4
bricks,1
period,4
sensationalize,1
satisfaction,1
63,1
jammed,1
65,2
66,3
67,3
69,2
poll,1
turkey,2
teammate,3
escalated,2
featuring,1
hardly,2
500,1
direction,1
10pts,1
andrew,2
careful,1
irrelevant,2
champions,6
paying,6
myself,1
cash,1
cast,13
lumped,1
3blk,1
hercule,1
punches,1
coupled,1
nexecution,1
someone,36
punched,1
decisively,1
helmet,1
granted,1
bowl,3
admit,4
believeland,2
html,3
blackpeopletwitter,2
reminder,1
isle,1
week,13
refusal,1
drives,6
weed,1
persons,1
statue,2
changing,1
relies,1
dying,1
relegation,1
magical,1
without,30
deflated,2
model,1
offensively,8
69min,1
commercials,2
bodies,3
justify,1
noverall,2
lavish,1
violent,2
kill,5
harrison,1
halfway,1
blow,4
ny,1
we've,1
everyone's,1
seems,28
except,17
blog,1
lets,6
starks,1
viewers,1
poised,2
ni'll,2
disrupt,3
kills,3
blowout,11
blatt's,4
virginia,1
qrzyex9eg0u,1
seahawks,1
accepted,1
towel,1
reduces,1
stannis,1
donations,1
joking,3
madrid,1
competition,8
respect,11
garnett,2
provided,1
slice,2
prolific,1
stops,2
snape's,1
quitting,1
calmed,1
lmfao,3
communicate,3
slaughter,1
terrified,1
embarassing,1
_,5
wades,1
jeez,1
wwarriors,1
1ofr3qiony264,1
kkdlpr2,1
oi,1
oh,27
ngo,1
stand,9
decent,12
ot,3
op,3
communication,2
invualable,1
fish,1
ehh,1
2ffake,1
fundamentals,1
regard,3
amongst,1
jus,1
garnered,1
ckphe2qvaaacbiw,1
pejasto,1
vaoyqqb,2
starter,1
grasp,2
strongly,1
taste,2
politics,1
spends,1
e35,1
hasnt,1
lolllllll,1
idiot,3
deserve,4
diarrhea,1
5,85
trash,19
stalwart,1
championship,31
conspiracies,1
ap_090911089838_sq,1
spoilers,1
serious,10
included,1
finals,219
googleusercontent,1
calls,12
odds,4
websites,1
derrick,1
ali,2
scrappy,2
lack,10
nunless,1
punish,1
secrit,1
dish,1
cementing,1
faster,1
decisions,5
ptr,1
hmmm,1
apartment,1
catastrophe,1
opportunities,4
presentation,1
foxsports,1
woman,1
worse,15
song,2
far,32
ni'd,1
fat,10
simpsons,1
psychologist,1
worst,14
fam,3
vacationing,1
flails,1
ticket,3
rebounds,16
nkyrie's,1
list,1
grad,2
ten,2
delladova,1
tea,1
rate,1
design,2
nba,137
ticky,1
sue,1
sub,16
deeply,3
brief,1
booing,3
version,6
dellie,1
sup,1
toes,1
midrange,9
raked,1
supposedly,1
directions,1
us52us1prxi,1
bulls,7
handlers,1
thompsons,1
allows,1
schtick,2
chokelahoma,1
options,5
lettting,1
guacamole,2
n73,1
suddenly,3
19pts,1
screens,11
dgaf,1
interception,1
auerbach,1
shite,1
knows,15
grabbing,3
stick,3
amputate,2
known,3
glad,12
v,17
ra2tnlh,1
atrocious,6
division,1
imitation,1
court,28
goal,4
desperation,1
rather,5
breaking,7
algorithms,1
lh5,1
playmaker,2
explains,1
goat,8
sandwich,1
okay,11
weaknesses,2
unsurprising,1
capitalize,1
shortcomings,1
short,4
shady,1
fests,1
shade,4
turnover,1
suckin',1
don't,165
kg's,1
developed,3
mission,1
isnt,3
2f07,1
disagreed,1
style,5
pray,3
westbrick,1
hqdefault,2
outcoached,2
stephen,8
bout,4
soccer,5
might,43
wingspan,1
wouldn,1
return,1
sucking,1
nafter,1
predator,1
woulda,1
units,1
communities,1
bigger,4
adolescentimpassionedcentipede,1
presented,2
tactless,1
cdninstagram,2
reigned,1
weight,1
generation,2
ntinfoil,1
lebaby,1
health,2
hill,2
lgr5yg9,1
lolz,1
wisconsin,1
thrown,1
thread,26
nwith,2
year's,8
threat,6
fallen,3
throws,12
feel,44
relate,1
feet,6
sympathy,1
overdribble,1
says,4
passer,2
passes,8
story,14
script,2
leading,6
comfy,1
nanyways,1
swarm,1
passed,5
store,1
mainstay,1
option,10
nanother,1
dethroned,1
blondie,1
convinced,1
versatility,1
king,14
kind,21
double,31
dank,3
turdpile,1
cleaner,1
motivation,1
skyscrapers,1
cleveland_cavaliers_have_terry_54,1
nnah,1
7s,1
depleted,2
p750x750,1
sandwiched,1
nights,2
finding,1
judas,1
unremarkable,1
added,2
reckon,1
mentality,4
reach,5
react,1
75,1
73,9
mjax,1
70,2
nothing,19
seasons,7
gentrification,1
windows,3
traditional,3
notch,1
lying,3
greasyfork,1
vaunted,1
cdn,4
stfu,1
havoc,1
peels,1
jumpshot,2
e15,1
starters,12
'baron,1
hit,37
l8fsapo,1
whistle,4
fastest,2
him,286
brendan,1
mccollum,1
sustainable,1
relentless,1
wrote,2
bars,1
supporting,14
intelligence,3
kylie,1
arc,2
dumb,9
tduyd7t,1
arm,2
declined,1
determined,2
various,1
consecutive,6
cancelling,1
solo,1
recently,1
creating,2
initially,1
outfit,1
betrayel,1
succeed,2
opposition,3
rarer,1
competent,1
igoudala,3
fga,1
vaguehollowhornet,1
became,4
context,2
albeit,1
2oismjt,1
reasons,2
sweet,3
sweep,4
dudes,7
hadn't,3
az616578,1
kd's,1
pr,1
decline,1
nas's,1
pt,8
duo,1
i1ok6qn,1
political,2
due,7
whos,1
pf,1
pg,3
brick,2
pi,1
chandler,1
woke,2
flight,3
firefighters,1
35pts,1
outclassing,1
vaguely,1
demand,1
notables,1
stolen,2
snubbed,1
behavior,2
theres,2
fkga5oa,1
rip,5
x8c,1
x8a,1
rim,16
x8f,2
stepover,1
rid,1
rie,2
anguish,1
lengthy,1
shirt,5
lengths,1
3271237f28995f6530d9634ff27228cae88e3440,1
nwait,1
delicious,3
peoples,1
9,30
thadyoung,1
higher,4
x83,1
x82,5
893,1
x87,2
x84,2
ncheck,1
x88,2
cement,1
arrived,1
mips,1
lower,1
dancing,1
bounces,1
anybody,6
analysis,1
edgy,1
cheer,1
doris,1
steeled,1
reliant,1
competitive,12
5tcw02f,1
reincarnated,1
inactive,2
questions,6
immediately,7
retired,2
huffman,1
prince,1
3lvgyjzvjo,1
tables,1
exclusively,1
exhibition,1
nfirst,2
'lebron,2
complaint,1
675,1
ncurry,4
commentary,1
doritos,1
nfinally,1
separately,1
puhp0vhxegbuq,1
fucking,87
streaming,1
chumps,1
pros,2
market,4
innovation,1
prob,1
jumpy,1
'lls,1
fuckin',1
jumps,1
martin,1
raided,1
consolation,1
russell,4
firing,6
range,15
hatred,1
wanna,8
dwight,1
unnoticed,4
resilience,1
impressed,2
tristain,2
question,6
fast,9
we're,16
bruh,7
k9oddcl,1
files,2
clots,1
gimmes,2
raising,1
patriot,1
fries,1
hasn't,15
barring,2
'getting,1
highlight,1
called,31
nbelieve,1
coordinator,1
problem',1
graham,1
lemon,2
backs,1
nice,25
users,1
understatement,1
problems,2
cleveland's,4
helping,6
develops,1
allowing,1
varajao,1
vice,1
attacking,1
karma,5
narrative,10
buffalo,2
scroll,1
once,13
issued,1
alien,2
screen,3
adjustment,3
contributions,1
prophecy,1
issues,2
itll,1
geqtdsz,1
include,2
waiters,1
sniper,1
wishes,1
drinking,1
notes,2
deals,1
week's,1
congrats,3
dealt,1
outdo,1
smaller,3
you'd,2
020116,1
bardock,1
cfb,1
hulked,1
ummm,1
manipulating,1
zuvopgu,1
kris,1
cominghome,1
man's,4
waiting,8
chose,4
degree,1
pushing,2
scrapper,1
desired,1
gloat,2
sexy,1
7tu6hfd,1
nstart,1
lillard,1
disrespekt,1
adjusts,2
esque,2
leaving,9
lowry's,1
apple,1
forbid,1
xb9i,3
motor,1
lottery,1
figure,7
usa,1
management,1
few,26
covington,2
scariest,1
usp,1
bottomless,1
sort,3
clever,1
journalists,1
inclined,1
women,1
1b019e134c0785b4303066c8aeb6e751,1
anywhere,5
x99s,12
aight,2
qes7gop,1
dropped,4
bittersweet,1
h3k2ycy,1
raps,3
tax,3
tad,1
villain,4
tag,3
something,50
tab,1
fziw9bs,1
hinders,1
sit,6
alzheimer's,1
six,2
unquestionably,1
instead,31
struggled,7
sin,1
sim,1
attend,2
tack,1
taco,18
hahahaha,1
purely,1
spo's,1
light,4
interrupted,2
honestly,36
scrubs,2
disrespecting,1
unjustified,1
looks,61
superior,3
goading,1
ships,1
vxzdbwt,1
choose,1
covered,1
bye,1
defining,1
crash,1
material,2
gassed,4
edit,5
nfl,3
eastpowdermilk,1
billy,2
rockets,2
trap,2
blacktop,1
hotline,1
bills,3
deviated,1
related,1
88,1
remove,1
firepower,2
82,3
80,2
semen,1
sentiment,3
chaos,2
honorable,2
dive,1
common,1
wooshception,1
york,1
dumpster,1
implode,1
g,2
nextimpulsesports,2
skillsets,1
galvanized,1
demonstrably,1
postseason,2
doesn't,89
triumvirate,1
agility,1
shell,1
reversed,1
regards,3
fuckdray,1
diminish,3
nbest,1
nftfy,1
isolation,3
limiting,1
bashes,1
landerson,1
clip,3
beatin,1
bicep,1
afraid,3
angle,1
shank,1
agency,1
supplanted,1
asshole,3
combat,1
cracking,2
why,82
lames,1
deny,2
saddest,1
dent,1
pipe,2
five,6
deng,1
goals,2
chances,8
agreed,5
30pt,1
playbook,2
nippy,1
utter,1
fear,1
debate,1
whooped,1
durant,4
highest,6
cache,1
choklahoma,1
combo,1
local,2
993,1
watching,51
massacre,1
community,4
ones,4
words,8
chips,2
ghetto,2
kobe's,2
brain,2
differential,1
ball'd,1
olynut'd,1
europe,1
ndoris,1
gahh,1
closer,5
closes,1
cole,1
arguably,6
frustrates,1
genius,4
closed,1
intimidated,2
limit,1
frustrated,8
pants,1
ethic,1
shumpert's,2
ability,12
amen,1
joy,3
timberwolves,1
job,18
takeover,2
declining,1
nimo,1
wnba,2
brons,1
grain,1
atleast,3
milhouse's,1
tactical,2
unclear,1
wall,23
walk,7
table,1
kenobi,1
xxoacmy,1
hindu,1
thumbed,1
netdna,1
literal,1
bbq,1
mike,7
hmm,1
last,121
present,1
unlike,2
choices,2
hovering,1
4n2njk,2
wild,2
refs,27
thus,1
draining,1
perhaps,2
privileges,1
maddening,2
nwhere,3
ncleveland's,1
member,1
ince,1
inch,1
hippos,1
gets,49
difficult,1
elbows,2
coached,4
disagree,4
beast,6
coaches,9
rumors,1
undertaker,1
fighting,3
xa3o,1
scruples,1
english,3
nadam,1
looked,47
heavily,2
should've,6
lowlights,4
1557749,1
smith,22
thwyre,1
usage,2
let082i,1
who's,8
term,2
know,107
presume,2
press,2
ahem,1
miami,23
loser,3
loses,8
clutch,11
bruuuuuhhhhhhhh,1
because,131
streaky,2
scared,3
flagrant,3
tumblr,2
110,2
star,9
lead,29
igoudala's,1
lean,1
leader,5
haywood,1
murderer,1
handedly,1
wario,1
hostage,1
throne,1
rare,6
getting,77
universe,2
spacemen,1
carries,1
swear,5
sweat,1
heroics,1
c_scale,1
channing,5
own,28
owe,2
weather,1
promise,1
negate,2
goodleafygecko,1
significantly,1
uncontrollably,1
van,1
kidding,4
weaksauce,1
footwork,2
triggered,2
i've,32
shane,1
volume,1
contradictory,1
bitched,1
made,74
whether,8
record,11
below,4
cake,1
ex,1
cmon,1
nvarejao,1
meaningless,2
goodness,2
d13beo3f7vpmvd,1
mutual,1
'll,9
incredible,3
boos,1
percent,1
book,4
remindme,1
sick,4
incredibly,6
conclusion,1
lance,1
junk,1
kinds,1
betrays,1
nmost,1
bronbron,1
june,2
inherently,1
defff,1
kinda,18
sandler,1
priced,1
cliff,1
intentionally,2
ideological,1
richardson,1
pods,1
